{
  "model_version": "evo1.3",
  "train_loss": [
    0.8495246363373903,
    0.6550746753811836,
    0.6080068816359226,
    0.6048304189856236,
    0.5994742307525415,
    0.5944565251469613,
    0.5933879045339732,
    0.5932509224002178,
    0.5828566183264439,
    0.5878236112686304,
    0.5839046048430296,
    0.5778705195738719,
    0.5769893058217488,
    0.5817220103282195,
    0.5761558136114707,
    0.5779595359013632,
    0.5728249265597416,
    0.5791646434710576,
    0.5792294153800377,
    0.5725929550253428,
    0.5752981354410831,
    0.5756663410709455,
    0.5719597498957928,
    0.5641647348037132,
    0.5685903668403626,
    0.5662067991036634,
    0.5649401432046524,
    0.5628841444849968,
    0.5604301241154854,
    0.5588987716115438,
    0.5636970148636744,
    0.5607207767092265,
    0.5561677925288677,
    0.5551943071186543,
    0.5620749148611839,
    0.5541675342963293,
    0.5564202846815953,
    0.5540840052641355,
    0.5531783688526888,
    0.5495676020017037,
    0.5522092781387843,
    0.5530891544543779,
    0.5476733133769953,
    0.5513011013659147,
    0.5540044362155291,
    0.5429863935479751,
    0.5595089884904715,
    0.540836774959014,
    0.5450192449184564
  ],
  "val_loss": [
    0.735716986656189,
    0.6215941548347473,
    0.6124305009841919,
    0.613823139667511,
    0.6143069505691529,
    0.6162684202194214,
    0.6111678361892701,
    0.6154236674308777,
    0.6073634505271912,
    0.6092360258102417,
    0.6119690179824829,
    0.6112943649291992,
    0.6136905550956726,
    0.6114895224571228,
    0.6106574892997741,
    0.6127712607383728,
    0.611025071144104,
    0.6182400584220886,
    0.6118312835693359,
    0.6129813909530639,
    0.6144329667091369,
    0.6175362825393677,
    0.6196440815925598,
    0.6143229484558106,
    0.6157318472862243,
    0.6188260197639466,
    0.6221677660942078,
    0.6199586987495422,
    0.6682046055793762,
    0.6731131076812744,
    0.6689224243164062,
    0.6619981229305267,
    0.6707326173782349,
    0.6715741753578186,
    0.6627969145774841,
    0.6664647161960602,
    0.6650871634483337,
    0.6680793166160583,
    0.6699059009552002,
    0.6671283543109894,
    0.6670559644699097,
    0.6677835285663605,
    0.6658248603343964,
    0.6674881279468536,
    0.6661111414432526,
    0.665593147277832,
    0.6675280332565308,
    0.6676316261291504,
    0.6696901917457581
  ],
  "learning_rate": [
    0.001,
    0.001,
    0.001,
    0.001,
    0.001,
    0.001,
    0.001,
    0.001,
    0.001,
    0.001,
    0.0009000000000000001,
    0.0007,
    0.0007,
    0.0007,
    0.0007,
    0.0007,
    0.0007,
    0.0007,
    0.0007,
    0.0006500000000000001,
    0.0005500000000000001,
    0.0005500000000000001,
    0.0005500000000000001,
    0.0005500000000000001,
    0.0005500000000000001,
    0.0005500000000000001,
    0.0005500000000000001,
    0.0006250000000000001,
    0.00075,
    0.00075,
    0.00075,
    0.00075,
    0.0005,
    0.0005,
    0.0005,
    0.0005,
    0.0005,
    0.000375,
    0.000375,
    0.000375,
    0.000375,
    0.00025,
    0.00025,
    0.00025,
    0.00025,
    0.00025,
    0.00025,
    0.00025,
    0.00025
  ]
}
